#,Movie Title,Category
1,Train to Basan,Horror
2,Jessabelle,Horror
3,Insidious,Horror
4,Insidious 2,Horror
5,Insidious 3,Horror
6,Insidious The Last Key,Horror
7,The Boy,Horror
8,Winchester,Horror
9,The Grudge,Horror
10,The Uninvited,Horror
11,Down The Dark Hall,Horror
12,The Sixth Sense,Horror
13,The Conjuring 2,Horror
14,The Haunting in Connecticut,Horror
15,Devil,Horror
16,The Woman in Black,Horror
17,Ouija: Origin of Evil,Horror
18,The Others,Horror
19,Mamma,Horror
20,Lights Out,Horror
21,The Ring,Horror
22,The Ring Two,Horror
23,The Conjuring,Horror
24,Occulus,Horror
25,A Quiet Place,Horror
26,The Possesion,Horror
27,The Visit,Horror
28,The Last Exorcism,Horror
29,The Last Exorcism Part 2,Horror
30,The Messengers,Horror
31,The Eye,Horror
32,The Nun,Horror
33,I Still See You,Horror
34,Annabelle,Horror
35,Annabelle: Creation,Horror
36,House At The End of The Street,Horror
37,The Rite,Horror
38,Countdown,Horror
39,Odd Thomas,Horror
40,Super 8,Horror
41,Krampus,Horror
42,Exorcism of Emily Rose,Horror
43,Cloverfield,Horror
44,Happy Death Day,Horror
45,Escape Room,Horror
46,Shutter Island,Horror
47,Hellboy,Horror
48,Annabelle Comes Home,Horror
49,The Skeleton Key,Horror
50,1408,Horror
51,Possesion of Hannah Grace,Horror
52,Shut In,Horror
53,Marrowbone,Horror
54,Amityville,Horror
55,The Intruder,Horror
56,Poltergeist,Horror
57,Hide and Seek,Horror
58,Vatican Tapes,Horror
59,Haunted Asylum,Horror
60,The Remaining,Horror
61,Ghost Rider,Horror/super hero
61,Ghost Rider - Spirit of Vengeance,
62,Tower of Terror,Horror
63,Scary Stories,Horror
64,Secret Window,Horror
65,Crawl,Horror
66,The House with Clock in it's Wall,Fantasy/Horror
67,The Invisible Man,
68,The Grudge- The Untold Story,
69,Signs,Sci-fy/Horror
70,World War Z,Horror
71,The Boy II,Horror
72,Push,
73,Unbreakable,
74,Only The Brave,
75,War of the Worlds,Tom Cruise
76,Dolittle,
77,Sully,
78,The Command,
79,We Bought The Zoo,
80,The Fate of the Furious,
81,Geostorm,
82,The Mummy,
83,The Mummy Returns,
84,Bumblebee,
85,Walk the Line,
86,Knives Out,
87,How to Train a Dragon,
88,JoJo Rabitt,
89,The Mask of Zorro,
90,The Legend of Zorro,
91,Apollo 11,Documentary
92,Battleship,
93,Shanghai Noon,
94,Shanghai Knights,
95,Catch Me if you Can,
96,Maze Runner,
97,Maze Runner -Scorch Trials,
98,Maze Runner - Death Cure,
99,Dragon heart,
100,Dragon Heart- A New Beginning,
101,Dragon Heart 3,
102,Dragon Heart-Battle for the Heart Fire,
103,Dragon Heart-Vengeance,
104,Back to the Future,Separate
105,Back to the Future Part ii,
106,Back to the Future Part iii,
107,Million Dollar Arm,
108,Serenity,
109,The Host,
110,Hobbit:An Unexpected Journey,
111,Hobbit:The Desolation of Smaug,
112,Hobbit:The Battle of the Five Armies,
113,Glass,
114,Captive State,
115,A Beautiful Day in the Neighborhood,
116,Jason Bourne,
117,Battle:Los Angeles,
118,Independence Day,
119,Lion,
120,Pan's Labyrinth,
121,Jumanji:Welcome to the Jungle,
122,The Witch:Subversion,
123,Venom,
124,Divergent,
125,Insurgent,
126,Allegiant,
127,The Great Escape,
128,Apollo 13,
129,Darkest Hour,
130,Deepwater Horizon,
131,Lara Croft: Tomb Raider,
132,Lara Croft: Tomb Raider 2,
133,Master and Commander,
134,Now you See Me,
135,Now you See Me 2,
136,The Book Thief,
137,Dark Waters,
138,Midway,
139,Hoosiers,
140,Henry Poole is Here,
141,National Treasure,
142,National Treasure: Book of secrets,
143,Man of Steel,
144,The Sorcerer's Apprentice,
145,Harry Potter and the Philosopher's Stone (2001),
145,Harry Potter and the Chamber of Secrets (2002),
145,Harry Potter and the Prisoner of Azkaban (2004),
145,Harry Potter and the Goblet of Fire (2005),
145,Harry Potter and the Order of the Phoenix (2007),
145,Harry Potter and the Half-Blood Prince (2009),
145,Harry Potter and the Deathly Hallows – Part 1 (2010),
145,Harry Potter and the Deathly Hallows – Part 2 (2011),
146,Cowboys and Aliens,
147,Empire of the Sun,
148,Murder on the Orient Express-new version,
149,Saints and Soldiers,
150,Le Miserables,
151,Chappaquiddick,
152,Adjustment Buraeu,
153,Crouching Tiger Hidden Dragon,
154,TomorrowLand,
155,42 The Jackie Robinson Story,
156,1917,
157,Maleficent,
158,Maleficent -Mistress of Evil,
159,Unstoppable,
160,Knowing,
161,Lady in the Water,
162,Give Me Shelter,
163,Unbreakable 2000,Bruce Willis
164,McFarland USA,
165,Invincible,
166,Searching,
167,Nancy Drew and the Hidden Staircase,
168,Captain Phillips,
169,Secondhand Lions,
170,Tora! Tora! Tora!,
171,The Day After Tomorrow,
172,The Impossible,
173,A Beautiful Mind,
174,Solo A Star Wars Story,
175,Hook,
176,The Blind Side,
177,A League of Their Own,
178,"Oz, The Great and Powerful",
179,Gravity,
180,Pacific Rim,
181,Meg,
182,Oblivion,
183,Taken 2008,
184,Taken 2,
185,Hannah,
186,Miss Congenialty,
187,Miss Congenialty 2,
188,Megan Leavey,
189,Fast Color,
190,Sorce Code,
191,Get Smart,
192,Cast Away,
193,Alpha,
194,The Good Lie,
195,Seventh Son,
196,Soul Surfer,
197,Saints and Soldiers: The Void,
198,The Identical,
199,I Still Believe,
200,Unplanned,
201,Noble,
202,Born In China,
203,The Longest Day,Documentary
204,Paul: Apostle of Christ,
205,Same Kind of Different As Me,
206,I Can Only Imagine,
207,They Shall Grow Old,
208,The Least of These,
209,Aladin,
210,Rise of the Guardians,
211,Mary Poppins 1964,
212,Peter Pan 1953,animated
213,Return to Neverland,animated
214,The Bible,
215,Beyond the Fartherest Star,
216,The Bourne Legacy,
217,E.T.,
218,Gifted,
219,Yellow Day,
220,Hidden in Silence,
221,Saving Sarah Caine,poster
222,Mom's Night Out,
223,Miracle of Heaven,
224,The Birds,
225,Penelope,
226,Not Today,
227,Me Again,
228,The Final Season,
229,Escape from Alcatraz,
230,BBC Dunkirk,poster
231,Wizard of Oz,
232,What If 2013,
233,The Case For Christ,
234,The Perfect Wave,
235,October Baby,
236,Joan of Arc,
237,Heaven Is Real,
238,Overcomer,
239,Where Love Found Me,
240,40 Nights,
241,The Second Chance,
242,The Miracle Season,
243,Ashes In the Snow,
244,Oceans: Our Blue Planet,
245,Jurassic Park,
246,The Lost World: Jurassic Park,
247,Jurassic Park III,
248,I am Legend,
249,Live.Die. Repeat,
250,Wish Upon,Amazon Prime
251,Dark Skies 2013,Netflix
252,Ragamuffin,
253,Jack Reacher,
254,Jack Reacher Never Go Back,
255,To Save A Life,
256,The Hundred Foot Journey,
257,Ten Commandments,
258,Young Messiah,
259,Final Solution,
260,Wildflower,
261,Spare Parts,
262,Hoovey,
263,Grace Unplugged,
264,The Cokeville Miracle,
265,Woodlawn,
266,Home Run,
267,The Hiding Place,
268,Captive State,
269,Hope Bridge,
270,Run The Race,
271,Where Hope Grows,
272,King Kong 2005,
273,The Social Network,
274,Everest,
275,Valkyrie,
276,Lovely Bones,
277,Alice in Wonderland 2010,Johnny Depp
278,My Neighbor Totoro,
279,Ready Player One,
280,Dunkirk,
281,Snitches,
282,K19,
283,Shazam,
284,Man on a Ledge,
285,Godilla,
286,Godilla - King of the Monsters,
287,Finest Hours,
288,Life of Pi,
289,Giver,
290,Rampage,
291,Everafter,
292,Keeping Up With The Joneses,
293,Unknown,
294,Jack Ryan: Shadow recruit,
295,Salt,
296,Frequency,
297,Skyfall,
298,Limitless,
299,Dejavu,
300,Terminator Genesys,
301,Unbroken,
302,Hotel Rwanda,
303,Earth: One Amazing Day,
304,Split,
305,The Illusionist,
306,Robin Hood 2010,Russel Crowe
307,Instant Family,
308,Jack Reacher,
309,Fantastic Beasts,
310,Tomb Raider 2018,Alicia Vikander
311,Next,
312,Enders Game,
313,Adrift,
314,The Prestige,
315,The Island,
316,Knight and Day,
317,Minority Report,
318,Kong Skull Island,
319,War Horse,
320,Prince of Persia,
321,Founder,
322,The Princess Bride,
323,Peter Rabbit,
324,Enchanted,
325,The Mortal Instruments (City of Bones),
326,TinTin,
327,The Greatest Showman,
328,Cinderella 2015,Live version
329,Peter Pan 2003,Live version
330,August Rush,
331,Alice Through the looking Glass,
332,Mary poppins returns,
333,The terminal,
334,Mr. & Mrs. Smith,
335,The Jungle Book 2016,Live version
336,Little Boy,
337,Winter's Tale,
338,The Man from U.N.C.L.E.,
339,That Thing You Do,
340,Surrogates,
341,The Commuter,
342,Ella Enchanted,
343,Tron Legacy,
344,San Andreas,
345,Tuck Everlasting,
346,Ford vs. Ferrari,
347,The Farewell,
348,Twister,
349,Wonder,
350,33,
351,Bridge of Spies,
352,The Game Plan,
353,Inception,
354,The monuments Men,
355,Captain Marvel,
356,X-Men: Dark Phoenix,
357,The Secret Life of Mitty,
358,School of Rock,
359,Green Book,
360,The Martian,
361,Hidden Figures,
362,This Means War,
363,Interstellar,
364,Fast and Furious 6,
365,The Monkey King 2,
366,Rise of the Planet of the Apes,
367,Dawn of the Planet of the Apes,
368,War for the Planet of the Apes,
369,Jumanji The Next Level,
370,Kung Fu Panda 3,
371,Mars Needs Moms,
372,101 Dalmations 1996,animated
373,The Red Turtle,
374,Whisper of the Heart,
375,Song of the Sea,
376,Goosebumps,
377,How to Train a Dragon 2010,
378,How to Train a Dragon 2014,
379,How to Train a Dragon 2019,
380,Hotel Transylvania,
381,Hotel Transylvania 2,
382,Big Hero 6,
383,Snow White and the Seven Dwarfs,
384,The Secret World of Arriety,
385,Okko's Inn,
386,Maquia,
387,Paddington,
388,Paddington 2,
389,Dumbo 2019,Live version
390,Toy Story,Separate
391,Toy Story 2,
392,Toy Story 3,
393,Toy Story 4,
394,Rio,
395,Bolt,
396,Pete's Dragon 2016,Live version
397,Bambi,
398,The Secret life of pets,Separate
399,The Secret life of pets 2,
400,The Jungle Book 1967,
400,The Jungle Book 2,
401,Beauty and the Beast 1991,animated
402,Finding Dory,
403,Pinocchio,
404,"Monsters, Inc",
405,Monsters Universty,
406,Aliens in the Attic,
407,Frozen,
408,Frozen 2,
409,Dumbo 1941,animated
410,Zootopia,
411,Mulan 1998,
412,Mulan 2,
413,The Little mermaid,
414,Inside Out,
415,Sonic the Hedgehog,
416,Despicable Me,
417,Despicable Me 2,
418,Despicable Me 3,
419,Puss In Boots,
420,The Incredibles,
421,The Peanuts Movie,
422,Mr. Magorium's Wonder Emporium,
423,The Fox and the Hound,
424,Meet the Robinsons,
425,The Sword and the Stone,
426,Wreck it Ralph,
427,Ralph Breaks the Internet,
428,The Lion King 1994,animated
429,Olaf's Frozen Adventure,
430,Pete's dragon 1977,animated
431,Sing,
432,Fantasia,together
432,Fantasia 2000,
433,Isle of Dogs,
434,The Pirates,
435,Pixair Short Films,
436,Brother Bear 2003,Separate
437,Brother Bear 2,
438,Pixair Short Films volume 3,
439,Disney's Short Film Collection,
440,The Blue Planet,
441,The Best of Enemies,
442,Mama Mia,
443,Journey to the Center of Earth,
444,Journey to the Mysterious Island,
445,Tunnel,
446,Remember the Titans,
447,Mickey's Christmas Carol,
448,The Grinch,
449,Star- A Tale of Faith and Friendship,
450,Christmas Story,
451,Flight of the Butterflies,
452,Breakthrough,
453,The Polar Express,
454,The Nutcracker and the Four Realms,
455,Home Alone,
456,Home Alone 2,
457,Christmas Dreams,
458,George C. Scott A Christmas Carol,
459,It's a Wonderful Life,
460,White Christmas,
461,The Man Who Invented Christmas,
462,It's Christmas Eve,
463,Dr. Seus How the Grinch Stole Christmas,
464,The Nutcracker - The Untold Story,
465,The Snow Queen,
466,Arthur Christmas,
467,"It's the Great Pumpkin, Charlie Brown",
468,A Charlie Brown Thanksgiving,
469,A Charlie Brown Christmas,
470,The Nativity Story,
471,Wild China,
472,Jim Carrey How the Grinch Stole Christmas,
473,Unconditional,
474,Snowtime,
475,Indiana Jones Complete Adventures,
476,The Rookie,
477,Moon,
478,The 15:17 to Paris,
479,Casper,
480,Snow White & the Huntsman,
481,The Huntsman Winters War,
482,The Mummy,
483,The Mummy- Tomb of the Dragon Emperor,
484,Night at the Musuem,
485,Night at the Musuem-Secret of the Tomb,
486,The Bourne Identity,
487,The Bourne Ultimatum,
488,The Bourne Supremacy,
489,Pirates of the Caribbean- Dead Man's Chest,
490,Pirates of the Caribbean-At World's End,
491,Pirate's of the Caribbean-Curse of the Black Pearl,
492,Pirates of the Caribbean-Dead Men Tell No Tales,
493,Pirate's of the Caribbean-On Stranger Tides,
494,Sherlock Holmes,
495,Sherlock Holmes: A Game of Shadows,
496,The Lord of the Rings: The Fellowship of the Ring,
497,The Lord of the Rings: The Two Towers,
498,"	The Lord of the Rings: The Return of the King ",
499,Star Wars - The Force Awakens,
500,Star Wars-The Rise of Skywalker,
501,Star Wars-The Last Jedi,
502,The Chronicles of Narnia,
503,The Chronicles of Narnia- The Voyage of the Dawn Treader,
504,The Chronicles of Narnia - Prince Caspian,
505,Avengers- Infinity War,
506,Avengers-Endgame,
507,Batman Begins,
508,Star Trek Beyond,
509,Star Trek- Into Darkness,
510,Jurassic World,
511,Jurassic World-Fallen Kingdom,
512,Alice in Wonderland 1951,animated
513,Ratatouille,
514,Christopher Robin,
515,Aladdin 1994,animated
516,The Aristocrats,
517,The Great Mouse Detective,
518,Mr. Peabody and Sherman,
519,Tangled,
520,Jumanji 1995,Original version
521,Incredibles 2,
522,Lady and the Tramp,
523,Up,
524,Brave,
525,CoCo,
526,A Beautiful Blue Planet,
527,Spidrman-Into the Spider-Verse,
528,The Incredible Hulk,
529,Iron Man,
530,Iron Man 2,
531,Iron Man 3,
532,Doctor Strange,
533,Star Trek,
534,Avatar,
535,Wonder Woman,
536,Star Wars Rogue One,
537,Justice League,
538,The Amazing Spider-Man,
539,Hancock,
540,Hunger Games-Catching Fire,
541,Guartdians of the Galaxy,
542,Thor -Ragnarok,
543,The Avengers 2012,
544,Antman vs. The Wasp,
545,Avengers -  Age of Ultron,
546,Black Panther,
547,Thor,
548,Guartdians of the Galaxy 2,
549,Alita- Battle Angel,
550,Captain America-Winter Soldier,
551,X-Men,
552,Batman The Dark Knight,
553,Transformers-Revenge of the Fallen,
554,Aquaman,
555,X-Men: X2,
556,X-Men Origins: Wolverine,
557,The Wolverine,
558,Batman -The Dark Knight Rises,
559,Spider-Man- Homecoming,
560,The Amazing Spider-Man,
561,Thor- The Dark World,
562,Chasing the Dragon,
563,Ant-Man,
564,Captain America-Civil War,
565,The Village,
566,Finding Neverland,
567,Underwater,
568,10 Cloverfield Lane,
569,The Hunger Games,
570,The Hunger Games :Mockingjay Part 1,
571,The Hunger Games :Mockingjay Part 2,
572,Mission: Impossible III,
573,Mission Impossible-Ghost Protocol,
574,Mission Impossible- Rogue Nation,
575,Mission Impossible-Fallout,
576,Return to the Hiding Place,
577,The Musketeer,
578,All Saints,
579,The Black Rider-Revelation Road,
580,Midnight Clear,
581,Prancer,
582,The Ultimate Gift,
583,Paper Angels,
584,The Way Home,
585,Beautifully Broken,
586,Gosnel,
587,When the Game Stands Tall,
588,The Drop Box,
589,Abel's Field,
590,The Legend of 1900,
591,The Perfect Gift,
592,The War WithinThe Case for a Creater,
593,Bamboo in Winter,
594,Little Red Wagon,
595,Awakened,
596,Charge over You,
597,SlowFade,
598,Investigator,
